hex_address,latitude,longitude,value
89196ba747bffff,51.633740005329194,4.397048709902322,568
891fa4bb6afffff,51.7998377700409,4.511957730697073,478
89196b10337ffff,51.86587652251747,4.790501669049411,995
8919694d627ffff,52.147131473563,4.857582615215609,5
89196ba9397ffff,51.7535483554431,4.389285966049679,267
891fa49882fffff,52.221294589285996,3.959446424911685,155
89196b8ac13ffff,51.43818265794262,4.3779372180861245,496
89196b23207ffff,51.76997839591568,4.720787218617551,326
891fa49580bffff,51.89815184270481,4.722235812045142,572
8919682ebd3ffff,51.45442871000837,3.9276951663687365,863
8919696a647ffff,52.341173902262646,3.8730364260524768,393
8919697a677ffff,51.736202922734826,3.938215059677205,609
89196bae617ffff,52.12476261687563,4.2394307643916145,232
891fa48483bffff,51.54715790164836,4.232055877863536,512
891fa48ab83ffff,52.13966812557211,4.4181293480243875,486
89196b36a07ffff,51.9426110824958,4.771776515757022,979
891fa48364bffff,52.11988774623367,4.247540570873082,995
8919696989bffff,51.6769903834285,3.920242958471962,940
8919682ccabffff,51.81998294554658,4.097691280753866,643
8919682dc13ffff,51.83054082862293,4.740240457090081,974
891fa4960abffff,51.96820556734664,4.884715049880043,179
891fa48e4dbffff,51.676038338578486,3.851635868485817,157
89196b8a6bbffff,52.12672054941675,4.001819294818218,471
89196b208b3ffff,51.953046945507346,4.724841201441527,899
89196b340c7ffff,51.653683703430126,4.420360078975244,802
89196b15a87ffff,51.750119338635464,4.010687739613147,621
8919696d26bffff,52.037489388665435,4.675056645837555,31
89196b27317ffff,52.09357915009695,4.189137302257348,48
8919694a3abffff,51.49986430595996,3.981120851575582,419
89196b31273ffff,51.44865884971763,4.5986300575298245,330
891fa493083ffff,52.008958103063335,3.9519800804957,980
891fa4833bbffff,51.73997867204953,4.586442370285779,386
891fa4bb433ffff,52.05516591400236,4.631846139698487,416
89196b055d7ffff,51.534929433918315,4.4694245983589855,203
8919696d56bffff,52.08208345869627,4.500410296471809,316
89196bad24bffff,52.06905370934719,4.099805051151275,81
89196b30ecbffff,51.598207190501675,4.335017591806008,145
8919682da6fffff,52.28578312629386,4.57682613228665,248
89196978c1bffff,52.03971501691029,4.508642537566159,844
89196b9a3b7ffff,52.350341086018524,4.868079090458575,1
8919696cbc7ffff,52.12555464457229,4.303154536094387,297
89196ba8c4fffff,51.514772026565076,3.9389594207486134,322
89196b9816bffff,52.23133154857435,4.3789799980337545,471
891fa48e937ffff,51.84582755493543,4.341002777001432,738
89196ba02b3ffff,52.37448568936569,4.209932153475903,803
891fa48322bffff,51.825527864804606,4.674475967107235,474
89196b861c3ffff,52.2970966077432,4.433430390629318,638
89196b854c3ffff,52.27258283004697,3.9188818148607414,819
891fa486d37ffff,52.11505020435727,4.005377682496929,459
89196bb7197ffff,52.18283884019665,4.12183964173893,140
89196941cafffff,51.70451300882957,4.343543718122636,211
89196b20133ffff,51.50475668252079,3.856148448245816,81
89196979023ffff,51.939274740367495,4.127625925506343,807
89196b8c577ffff,52.342395943715,4.6672733175820715,764
89196b20aa3ffff,52.21868411399683,3.9138528590511337,634
89196b95abbffff,52.300499119369,4.019109042155945,983
8919694f34fffff,51.57928881045271,3.956611855740677,116
89196b346dbffff,52.078843843474274,4.318621837030273,512
89196b94abbffff,51.91522280067808,4.168614754872038,159
89196941b43ffff,51.639245114888766,4.582418132730886,686
891968258b3ffff,52.01178678533192,4.63408103455678,394
891fa48560bffff,51.86760795081153,4.70849060119511,297
891fa48760bffff,52.16866569638972,4.803445174150864,122
8919694aa0fffff,51.96073590272658,4.8917147300128345,435
89196b9a337ffff,51.85775694679901,4.675739829613559,764
89196b22a87ffff,52.08613511561355,4.723916078011638,950
89196bd6aafffff,52.31417507692686,3.854070249420166,613
89196b83607ffff,52.25782080670652,4.563981427554316,819
89196958ca3ffff,51.456799644554984,4.785124641032131,269
89196b06803ffff,51.72970963787499,4.843879003139395,716
89196bb5d53ffff,51.717490470070516,4.533314406904938,345
8919695b3a7ffff,51.56905788529214,4.7852787491305735,307
891969536c7ffff,52.206470266208505,3.9608285498100204,512
8919694a64bffff,52.170621875427436,3.8771518117712693,950
89196b9ae43ffff,52.094042762896784,4.368856944590062,159
89196ba6e6bffff,52.16247461360125,4.089545734980029,964
89196ba24b3ffff,51.892541610241516,4.5370333786701975,967
89196bb5d57ffff,52.013608855330915,4.1508794682503565,905
89196b9686bffff,51.889920019328535,4.659497539739762,888
8919694ca73ffff,51.846056770960615,4.177008370075356,756
891fa492e2bffff,52.28943472003332,4.3615458437004335,32
89196948dbbffff,52.03340450038261,4.7429343964832675,339
891969499c7ffff,52.222571034517486,4.37505853983962,607
89196b8ae7bffff,51.496847402577636,4.885309408959212,167
8919695a4a7ffff,51.849701732940765,4.883035460297148,944
891fa48ab8fffff,51.925056051357,4.48323602822918,57
89196bb9c67ffff,51.915781859888845,4.397744173401039,699
89196b156c7ffff,51.568141033202096,4.767613929331565,849
891fa481443ffff,52.128737996155024,3.982567701033654,678
89196b34c13ffff,52.18983673123727,4.534831628554845,463
89196b831b3ffff,51.86155269046597,3.910944065571064,154
89196b3138bffff,51.691184914492936,4.86714939745937,51
89196b38d53ffff,51.944325804018405,4.540038412527991,540
891fa48467bffff,52.07910948876659,4.5937991757052785,655
89196b3600bffff,51.504427748260774,4.122289708537785,290
89196b8da6bffff,51.59114369903166,4.328367990912001,402
89196bb88c3ffff,51.855932298672926,4.465308567112601,172
891fa4931c3ffff,52.38816831122259,4.43471939578074,993
89196b22117ffff,51.82452387614918,4.008542624357737,774
89196b3666bffff,51.56709270838253,4.196481579880314,53
89196b99023ffff,52.21895438587902,4.807031387244163,689
89196b96577ffff,51.69229115128382,4.8857442756221525,348
89196b200bbffff,51.667726938918456,4.463341862690864,893
89196b0638bffff,52.128352143297306,4.559953992397359,934
891fa48eab3ffff,51.699234877327655,4.412752215603558,245
89196b3440fffff,51.748843991983286,4.627188062340689,880
89196bb34b7ffff,51.615736952897066,4.1644174312869575,203
891fa49a82bffff,52.21773988126577,4.196055370158466,740
89196ba41cbffff,51.58079222012296,4.674637220569925,190
89196bb750fffff,51.46608460312244,4.639706123647772,63
891fa485d7bffff,51.5187297432491,4.179317613054481,893
89196b81867ffff,52.17587966249367,4.202695884261917,386
89196b90857ffff,52.04999285934554,4.522390202905309,993
89196bb4a47ffff,52.15986069444306,4.3117700973134,353
89196b16d4bffff,52.241044623829005,4.764810653475814,694
8919694cb07ffff,51.644533897552606,4.702730374309497,738
89196941043ffff,51.71193750540395,4.863318438608707,815
89196bad06fffff,52.140608852749864,4.51942958603095,865
891fa48ebd3ffff,51.573607589564375,4.826284475870786,75
891fa498c77ffff,51.88198751268393,4.6513238133989825,626
89196941583ffff,51.73836396609334,3.987795647098681,875
891969c9b0bffff,51.46920132595876,4.615152280711136,157
89196b95477ffff,51.88984396635956,4.195900181281036,315
89196bb743bffff,51.77447050715312,4.1294704296183005,18
8919696ca57ffff,52.1906003635002,4.8230032366074,361
89196b35d23ffff,51.53707011991235,4.323886668061344,105
89196b31cc3ffff,51.55270602587685,4.418902535416731,769
89196b243a7ffff,52.22953260649855,4.471926499585322,980
89196ba505bffff,52.07157381733753,4.055524519053339,885
891fa491acfffff,52.31624894396176,4.018760711162617,608
891fa496c7bffff,51.86023933809441,3.891525025882098,612
89196949e8bffff,51.452608576921655,4.627917951369435,812
8919694deb3ffff,52.22467389543345,4.526749041004481,140
89196b172cfffff,52.02405130748006,4.513881942846263,563
89196b34537ffff,52.09112790152903,4.260109009499622,207
89196b89887ffff,52.13625975353199,4.322181208626272,107
89196bb65afffff,51.998191791422016,4.55389167787543,459
8919695a927ffff,52.04413812813858,4.81202831472155,416
89196b92283ffff,52.307641297548436,4.406457007812212,27
89196b8ea27ffff,51.56818068053053,4.457262812206336,696
89196951457ffff,52.249190231177934,4.39948174606565,721
891969482bbffff,52.332336939834825,4.46098491199038,394
8919694767bffff,51.84523325587535,4.298720963558268,688
89196b9848fffff,51.670128262540366,4.213674872586964,480
89196b88cdbffff,52.325945280668016,4.0974622101233775,813
89196978247ffff,51.653221189736094,4.340194576446314,545
89196958303ffff,52.09368175604758,4.059457992318504,923
89196baa913ffff,51.66722974177748,4.486015384209868,901
891fa48e307ffff,51.58963911320161,4.210011699147233,478
89196b1629bffff,51.946488851122695,4.806034435462595,755
89196b2eca7ffff,52.29864022004302,4.0677199868223575,707
89196b046afffff,52.2113172729421,3.8734410954025162,421
89196b12aa7ffff,51.76231922042545,4.439831058820131,446
89196b3a687ffff,52.183826885899215,4.541230582552359,653
89196951a17ffff,51.578381406411054,4.139739368888139,682
89196baced7ffff,51.8643518123535,4.681281876673469,46
89196b99187ffff,51.786985313166994,4.498305368203839,151
89196b36c83ffff,51.79191648032551,4.123980149688311,59
89196ba3423ffff,51.72620377858121,4.144149558855685,101
891fa4bb51bffff,52.10011231160546,4.478338153838275,641
89196b97217ffff,51.49486672786514,4.639423310811229,431
891fa48658bffff,51.96961632127451,4.5439485164263305,923
891fa49b0d3ffff,51.61421260167293,3.9408035134709998,871
89196b21a2bffff,52.028489111462186,4.54268191011559,242
89196948057ffff,51.70796421749655,4.6977814738122765,622
89196bb0203ffff,51.882352926338086,4.065075543674223,542
89196b9aa13ffff,52.359137178250464,4.350576879992277,395
89196b2e31bffff,51.62144066135077,4.2166845696756665,842
89196b8f607ffff,52.177784359036266,4.272084281843815,23
89196ba70a7ffff,51.92314659550925,4.400208655129651,489
8919695986bffff,51.74343071520986,4.879894674761659,789
89196b21b03ffff,52.093431558692984,4.07220832295909,855
891fa480487ffff,51.551422152162026,4.678349292261596,898
89196ba2aafffff,51.7869705741834,4.43016984718418,702
89196baee83ffff,52.1681676845984,4.723942823867823,813
89196bb910bffff,52.16850561840198,4.118681094617155,167
891fa491687ffff,52.20436828249955,4.260536139669206,944
89196b8a463ffff,52.24587011272184,4.105256623336731,439
891fa49a02bffff,52.27540380913391,4.479657790880021,489
89196b2132bffff,52.26005194496855,4.442647189754668,393
891fa49add7ffff,51.58932815286305,4.764594660280702,218
891969513a7ffff,52.306556051090574,4.854584251883125,218
8919696f593ffff,52.37620445076026,4.415085020786818,615
891fa48044fffff,52.10851022826311,4.37657875851357,268
891fa480027ffff,52.011501964009554,4.118478524827604,580
89196b31eb3ffff,51.672561674689995,4.552266856569411,596
8919696f50fffff,52.38365608243256,4.595963346771711,616
89196bb1b67ffff,52.252172377180464,4.427686548337552,598
89196b83677ffff,51.632879297968984,4.007279294466748,799
8919697ae47ffff,51.58354599300836,4.843529111590979,827
89196ba63a7ffff,51.43778895110522,4.450765450940997,409
8919696c267ffff,52.30056931373005,4.085232637672903,553
89196ba188bffff,52.31540865623384,4.26113570291501,443
89196b88bd7ffff,51.97396476793216,4.520719640377958,13
89196bade37ffff,52.21389825820428,3.90201745621083,512
89196b8ce83ffff,51.88076153442007,4.888356475598421,304
8919697841bffff,51.810642574876475,4.285525354051975,751
89196b2530bffff,51.606465894686636,4.017359662115759,24
89196958b77ffff,51.53847199927171,4.114775382887241,318
8919696d04bffff,52.26606116715765,4.5953378682447985,49
89196b16b43ffff,51.61729816233949,4.247171610963221,480
891fa491947ffff,52.35157157279377,4.237962858719198,44
89196b31353ffff,52.2963698715517,4.383092087680136,146
89196b9544bffff,51.91380432923654,4.865133354116064,216
891fa498207ffff,51.96766513867348,4.270811132223231,56
89196949073ffff,51.55316407596565,3.979626029015724,104
8919682516fffff,52.039923549866934,4.694999827921331,80
89196b20683ffff,51.463931272891465,4.791627806534327,645
89196b20bc7ffff,52.103202920593056,4.42554593033623,41
89196b135c3ffff,52.126830480413105,4.748596416072101,814
8919682cd0fffff,51.49107845417895,4.210188891743398,303
891fa4bb5a7ffff,51.58331062444558,4.020905520380235,197
89196ba1607ffff,52.134304163465444,4.726970950725111,552
89196b85663ffff,51.877229433772385,4.480429863694828,786
89196ba0373ffff,51.44873980799142,4.003681877884378,499
89196ba59b7ffff,51.72220263035865,3.8524104775041237,764
89196b04e3bffff,51.81739240503644,4.340160801039845,286
8919696ad97ffff,52.10748360360002,4.214271325224587,825
891969592cbffff,52.019429144589076,4.029466247117042,853
89196ba8e93ffff,52.26686907852231,4.651234318708167,201
89196968b53ffff,52.35540343396728,4.315891453693697,714
89196bae3dbffff,52.122011092274576,4.712756528332613,612
891fa49094bffff,51.58992492613245,4.398634956650314,81
89196ba1b77ffff,51.601456614664144,4.702679200844892,25
89196951b3bffff,52.03008133774193,4.10855096391728,722
89196bada37ffff,51.65666059537299,4.5466767912264805,724
89196bb5c53ffff,51.47084953456128,4.1991940591951,30
89196b25c8fffff,52.15346946356436,4.154593970936792,226
89196b8958fffff,52.284972415828015,4.882286102404739,405
89196ba63cbffff,51.45832793135764,4.67593406310978,346
89196bb5d8fffff,52.24742733843568,4.849604430887744,611
89196ba7143ffff,52.385886993632035,4.840691218697803,648
891fa487283ffff,51.66754053597796,4.225158536476718,61
89196ba151bffff,52.15033617033828,4.089225633410302,339
8919694f04bffff,51.483072560636145,4.464065195083602,424
8919697a46fffff,52.1449107796154,4.158200951565789,834
891fa48a383ffff,52.28129034396979,4.019265039907889,319
89196b22803ffff,52.13119480603738,4.226601815550586,968
89196ba4967ffff,52.29287678488107,4.155622646364199,754
89196b26ac7ffff,51.94442411114215,4.330972291976712,286
891fa4bb167ffff,51.52334052996931,4.247599198132609,617
89196b2c553ffff,51.91093859222794,4.572299557140688,960
891fa490a8fffff,52.10495837201679,3.8883807657052056,909
89196968c5bffff,51.43904239932621,4.53789692085896,318
891fa48e6a7ffff,51.905444135673456,3.858880508774918,346
89196bba2bbffff,51.57453158728227,4.852147196959487,252
89196b34493ffff,51.67998378906571,4.129366196150452,470
89196951c8fffff,52.23355056497714,4.062157802722861,151
891fa497433ffff,51.87914819929326,4.033757552949026,682
891fa49958fffff,51.5714199148657,4.8034974387655005,981
891fa481087ffff,52.08721630892291,4.716685300051789,385
89196ba6c0fffff,52.15475596126328,4.6953617122613505,720
891fa4bb1dbffff,52.20913223475629,4.691335219728021,905
89196ba8c77ffff,52.29918400697345,4.633598237828688,864
89196b90a57ffff,52.07737203644609,4.319559256550547,36
89196958da3ffff,51.95494825366316,3.9867494371073864,322
89196b166dbffff,52.37850657615987,4.322868352114818,500
89196b84603ffff,52.08849780720304,4.175680827413989,263
89196b3014bffff,51.50625922587842,4.093810723907103,426
89196bb0c2bffff,51.821042784512834,4.146285940193221,997
8919696a59bffff,52.14978599491405,4.600122628619878,341
89196b10b77ffff,52.297085555574995,3.9075073179985806,399
891fa48a857ffff,52.145341277602064,4.448651364104856,268
891fa4986dbffff,51.971228012573896,4.8387788512947605,309
89196ba5aafffff,51.46151616921824,4.653618241086237,412
89196b8b217ffff,52.01070871846581,4.279645851957341,53
891fa499883ffff,51.868943245223896,4.207814042425176,493
89196b822bbffff,52.315032331216756,4.041547120932982,69
89196b80a8fffff,51.818919476320104,4.877239562822551,938
89196bb0cc7ffff,51.45630433563409,3.8808598134808627,642
891fa49b06bffff,51.80971042727828,4.222550604576061,637
89196bb869bffff,52.3701414793823,4.638179525350611,291
8919695b61bffff,51.914897927715856,4.33282135211597,435
89196b8314bffff,52.35624811869589,4.602030981169743,295
8919697a08bffff,52.13774111541458,4.692905116077705,618
891fa490a13ffff,51.938644295033534,4.397970231631021,625
891969533d7ffff,52.25251308766736,4.53859673954151,759
89196824867ffff,51.96120778503717,3.8581673787114754,703
89196bd61c3ffff,52.09409232010077,4.553554695024501,411
89196951887ffff,51.61510571958202,4.257827178190015,738
89196bb5867ffff,51.52044078296556,3.928771740516416,473
89196951d73ffff,51.96528215904312,4.5616139716685975,440
89196ba296bffff,51.48858515648777,4.541580871119095,444
89196947453ffff,52.21433570811718,4.040915350854024,240
891fa483203ffff,51.88075639708103,3.9274026615260196,337
89196b82ac7ffff,51.58217651388086,3.904143688415223,604
891fa4974a3ffff,51.77204069118316,4.867235974731765,766
8919694ea7bffff,52.3127953918539,4.272514937771984,808
89196b8c59bffff,52.080566248912106,4.377395175495503,239
8919696dbc7ffff,52.06350200435982,4.265369626209086,459
891fa49ac23ffff,52.172878221885775,4.737181789497129,93
89196b8dad7ffff,52.288660443862796,3.90570086926422,51
89196b14d3bffff,52.17389554214118,4.1577331000593505,412
89196bb6dcfffff,52.38269902747098,4.682875944794241,316
89196b2659bffff,51.474244853299226,4.745982474062447,660
89196bb506fffff,51.77766069427733,4.157389834245353,616
891fa484153ffff,51.58955675986496,4.276971019055422,816
89196b1433bffff,52.00277418630934,4.638173567914417,245
8919694a58fffff,52.29585272078607,4.113460061083272,175
89196bd658bffff,52.37348314930382,4.586537455550489,94
8919695a00fffff,51.646878813250005,4.001582002107517,675
89196bb23d3ffff,52.19018223039845,3.9577692407494243,559
89196bb80a3ffff,51.485320533163744,4.029424742685357,926
8919694f29bffff,51.56105781845018,4.269114547670678,267
891fa49987bffff,52.05395945216011,4.310785901463059,21
89196b8b3c7ffff,52.19217545263966,4.281417953162079,492
89196b8024bffff,52.298962060493864,3.880116303278443,835
89196959d3bffff,51.70571043910999,4.4627633041625625,371
89196b815c3ffff,51.581695310735675,4.3729501572258425,194
89196b8c23bffff,51.49070142357471,4.330798129897648,198
891fa48282bffff,52.31278646367833,4.3469852881233075,909
89196958c1bffff,51.54626751734218,4.122131245145005,57
89196b8a053ffff,52.01726972247889,4.393977490959896,288
89196b97677ffff,52.15700891161364,4.374740315968339,784
891fa4b3693ffff,51.70587681288729,4.102352147627036,522
8919697822bffff,52.34592496032423,4.196955898419746,471
89196b16d43ffff,51.7826901898921,4.586450222877749,110
8919682eb9bffff,52.31415699246488,3.97873802073232,621
89196ba042fffff,52.318675222195296,4.4046723870634406,45
89196b92a07ffff,51.57063348656982,4.374264235882938,970
89196ba454fffff,51.52471996200171,4.3786254070107,149
891fa4923d3ffff,52.18980684235089,3.959669221555051,513
89196b8e22bffff,52.3488667582582,4.638250809114394,912
89196940177ffff,52.282764025905465,4.072743793683047,136
891fa499957ffff,51.9593159753841,4.236872899209465,908
89196b8e303ffff,51.84624263906725,4.680198739152956,924
89196ba0403ffff,52.19441990987502,4.333296035163655,361
891fa499b73ffff,51.66965755927948,4.142472842334822,832
89196baa44bffff,51.50214808975334,4.0452872966285325,350
891fa487217ffff,52.36437644198489,4.187476999487002,770
89196b91acbffff,52.01215353815814,4.564307449363772,725
89196b05c63ffff,51.597932988227015,4.286843783914766,577
89196b92067ffff,52.3105124290759,3.9943158539550305,56
8919697aadbffff,51.8375893764068,4.290167868606538,515
89196b89b77ffff,52.01628589994685,4.423024761807728,624
89196979973ffff,52.285053303923796,3.8706809194461904,708
89196b8436bffff,51.902735418058846,4.343986136699375,212
89196bb281bffff,52.19664999995708,4.486956963260301,432
8919694008bffff,51.721676519632446,4.503190343609644,746
89196b9629bffff,52.291821972323724,3.931747577744982,801
8919694897bffff,52.24954571980076,4.4431659974595314,240
89196b10a73ffff,51.643297642840054,4.6630706793617565,199
8919682c9a7ffff,51.508210507407554,3.8901228285888094,756
891fa487147ffff,51.99968837589852,4.486468495636712,633
89196b210b3ffff,51.43961508927255,4.20286916069193,892
89196b86c27ffff,52.30965855409109,4.40167350589923,319
89196b2001bffff,51.449000474799526,4.224299183530689,889
89196ba2b93ffff,51.578166052993595,4.598968749704902,768
89196b90043ffff,51.66103422908208,4.692960060051453,567
891fa496cc3ffff,51.930662748205926,4.517384748301947,531
8919696c10fffff,51.61549039622786,4.1855906047023845,974
89196bb2a2bffff,51.51592081885506,4.581023759913924,241
8919696d2a7ffff,52.311258373552455,4.242548530128391,279
89196b304d3ffff,51.95255709253907,3.9279204477982814,469
8919694e51bffff,51.61944344616423,4.387674632447661,522
89196b129afffff,51.48584981461556,3.945175402155246,753
89196bb49b7ffff,52.31214356525571,4.892628655575928,395
89196b2e053ffff,51.43713357716919,4.168260443984652,467
89196b324c7ffff,51.83361150194313,4.230589220182979,330
89196b8f353ffff,51.81824733617749,4.11860160914574,135
891fa481ad3ffff,52.343110170634034,4.498746963114141,655
8919694964fffff,51.50875949364747,4.5351935310613225,860
89196b12057ffff,52.05632896431203,3.8933259758567087,437
89196b84207ffff,51.838680584573225,4.693836056652723,801
891969791cbffff,51.79338931981836,4.375733030293044,756
89196941257ffff,51.850272648382145,4.67804619165689,157
8919696dc07ffff,52.31444571552838,4.407480747953836,221
89196979b93ffff,51.99147915170084,4.6862412352926555,575
89196b3a07bffff,52.04986203231673,4.6374232921185845,743
891969431a7ffff,51.80568354378029,4.051279030700638,12
89196b9632bffff,52.08461820305114,4.272152055989767,195
89196b82d8bffff,51.9151919020535,4.8518364355594175,172
89196959d6bffff,52.060947928272654,3.898969915822693,509
89196b3ac27ffff,51.70099901982943,4.566484756127605,627
891fa48a3a7ffff,51.50682577683144,4.513098626114071,70
89196b2f5a7ffff,52.0867974714339,3.857620595515858,623
89196bb5e4bffff,51.72075784903436,4.704169865173222,180
89196bd65d3ffff,51.7942504036377,4.439790539274979,850
89196b85e9bffff,51.727532520042935,4.632193688575799,21
89196b2e557ffff,51.97376218868982,4.6870548289572955,670
89196968eabffff,52.01461741813277,4.02277376051209,504
89196b2665bffff,52.20893225257062,4.2662297473524635,777
89196b341a3ffff,51.762120772856285,4.872303850937533,906
89196978c7bffff,51.71760007195956,4.244478464931659,674
89196b822a7ffff,51.49992567492575,4.711711259855431,88
89196b94a57ffff,51.748940300845746,4.515390454103104,623
89196b10d7bffff,52.000716856832895,4.532468891608065,95
891969581d3ffff,51.79632986067928,4.237323316315078,670
891fa48ab87ffff,51.93080249751387,3.872903934112272,505
8919695a22bffff,51.95329893383938,4.572908475305924,979
89196bba5cfffff,51.91764174276291,4.15868120688661,707
891fa481e33ffff,51.83301486501916,4.671418140848781,379
8919682c8a7ffff,52.07464840068175,4.647246320572452,817
89196ba50b3ffff,51.686344757443514,4.474601144668812,762
89196b255cbffff,51.61488360248056,4.0976191780134705,553
8919697b353ffff,51.83152932499319,4.573855022282475,127
891fa49414bffff,51.77857549651829,4.207732579514683,188
891fa492a33ffff,52.35630510303044,4.03581393268143,23
891fa482bafffff,52.303779572368526,4.844211892132747,428
891fa48a19bffff,52.13183343238596,4.49172060914302,554
891969581b7ffff,51.605330233036476,3.954248472462024,427
891fa499977ffff,51.70156991431339,4.475293196017498,953
89196941663ffff,51.50100969806606,4.138294563041947,629
8919696b0b7ffff,52.108949396335895,4.224675251384353,810
891fa4828b7ffff,51.44250783489856,4.022373460196983,228
89196826b67ffff,52.12096988348185,3.9453542199679084,429
89196badbd3ffff,51.7596577901043,4.188959951118085,703
891fa482617ffff,51.864952866162405,4.871553766135092,263
89196b92b4fffff,51.67680918993019,3.9018093550692727,417
89196948197ffff,51.78019397362386,4.589286767974285,295
891969598bbffff,51.95099061050889,4.598199061739745,396
891fa48098fffff,51.56476799263542,4.12376769700028,780
89196bac10bffff,51.92571603796514,3.995084337072781,626
89196b83367ffff,52.25086047141649,4.027715892602203,652
89196b0634fffff,51.975367588731025,4.1660540979981935,102
89196b37587ffff,51.86956875425047,3.9174135342720304,233
89196b3560bffff,51.834653159270204,4.3526724779381745,268
89196bad52bffff,52.20968518042955,4.874735014057384,512
89196ba6c73ffff,52.06705039109527,4.100614795697437,310
89196ba1b77ffff,51.59960353236494,3.9099900301100705,278
89196bb18d7ffff,51.54704457487994,4.5833042756742115,660
89196b2314fffff,51.806881375213415,4.811325684695809,423
891fa49892fffff,51.77011320696794,4.812778915870787,562
89196b8dacfffff,52.066556842524456,4.878100548564326,244
89196b160b3ffff,51.67602037527506,4.321155528311956,325
891fa48a987ffff,51.96945488664464,4.274739339465543,904
89196b15b9bffff,52.01671923874538,4.344047689634626,3
89196979583ffff,51.79975672568185,4.798443037164144,801
89196b82ba3ffff,51.68228172405175,3.8537157357827345,10
891fa48eddbffff,51.59377588515521,3.856925575447471,32
89196951cd7ffff,51.63698287116061,4.66463696952732,10
89196b0689bffff,52.02383700717395,4.7238999860708,761
891fa492123ffff,52.03976357292748,3.9913515269227875,890
891969793c7ffff,51.93131881687368,4.153741468773862,909
89196b86583ffff,51.84235644834084,4.8281502750600005,563
89196ba504fffff,51.80627088911292,4.318083253495674,522
89196b2322bffff,51.7278397283239,4.595981216185291,831
89196b88133ffff,52.20437934006149,4.480757002530994,338
89196b0698fffff,52.05832183219534,3.8608149411394312,868
891fa49905bffff,51.62206626279691,4.4263856329159115,581
89196b94c5bffff,52.29191410536685,4.002015112916582,945
891fa498563ffff,51.87778705312734,4.7258737626443335,831
89196948bc7ffff,51.67285993250695,4.650576538715135,16
89196940e07ffff,51.459506873605974,4.262508515385058,860
8919682495bffff,52.1844875165526,4.872769139973299,696
89196b8dc17ffff,52.301090582211216,4.620555056150911,664
89196bb66b7ffff,52.291961726642676,4.094792674153425,917
8919694ab4bffff,52.19157562938561,4.277393306038973,151
89196b0518bffff,52.21163847206912,4.457597745239783,675
89196b1352bffff,51.95742622471978,4.571306559891784,732
89196b202a3ffff,52.17115120644842,4.730319096022394,981
891969454b7ffff,51.632987198505994,4.462091168244408,691
89196ba6a8fffff,51.84151377366562,4.487246414348364,722
89196b14ed3ffff,51.515544262778256,4.155708217243165,369
89196b85bcfffff,51.823585483919246,4.737191936723178,759
89196b154bbffff,51.50668524102138,4.017947151787133,830
891fa499083ffff,51.51040473308453,4.70276555289229,816
8919696830fffff,51.786986549508754,4.371347325504676,781
89196bba027ffff,52.05366627045392,4.256266326845883,504
89196b8f223ffff,51.500055607010474,4.320221909827734,20
89196bb0e33ffff,51.710199140497636,4.399330283954091,775
8919694cd97ffff,52.332180385251306,4.546730066817056,508
89196b2c553ffff,51.808185045173474,4.814798705276935,903
89196940e0bffff,52.16774072344841,3.8534995865157655,391
8919696a91bffff,51.4797433781288,4.773806198230911,757
891fa49ac17ffff,51.806957006104724,4.624121844192312,357
89196b06877ffff,51.66658572852744,4.250825446207118,559
8919695b043ffff,52.24743298472457,4.212968211018137,668
89196bb709bffff,52.14978286682937,4.694457134751359,25
89196ba6807ffff,52.04329339442451,3.9593133027541585,917
89196b30197ffff,52.35325495571977,4.368888210422628,996
891fa491183ffff,52.00642528131958,4.858042987172254,516
89196bb8313ffff,52.30693180578958,4.684615190917463,609
89196b27143ffff,52.10025094352711,4.860121343574253,890
891fa480503ffff,51.94323438750005,4.372597450151047,334
89196bbae43ffff,51.94257515385981,4.750011340602027,369
891fa48460bffff,51.871807238933926,4.002746216738372,926
89196ba9c03ffff,51.70478123923737,3.9855576246434903,729
89196b85c6bffff,52.12618002232509,3.858195551416255,237
89196baa2bbffff,51.983599399209986,4.161679675193099,779
891fa495c23ffff,52.10477685848092,4.187413472389973,251
89196b94d27ffff,51.651434158003276,4.610367813160002,170
89196bb228fffff,51.761291410123654,4.389620583647913,826
89196b34b2fffff,52.36877352982315,3.9591102900437916,221
89196ba5edbffff,52.32656605677676,4.758011645289916,35
89196ba51d7ffff,51.853511637294126,4.511369790676582,427
89196b17513ffff,51.80368762536042,3.906138399328046,408
89196bb14cbffff,51.484974771576205,3.949903176623262,82
891969405cbffff,51.96445313613967,3.9093524299890587,272
891fa487037ffff,51.54747883984379,4.347923286400708,111
891fa484c03ffff,51.92123569666932,3.8783563127035765,457
89196b80c03ffff,52.24737463818683,4.196831095266865,597
89196b84c9bffff,51.95688642708099,4.6100603706780845,686
89196b10547ffff,52.1684206443014,4.27448745416196,104
89196b99283ffff,51.71744478330188,4.724047642295916,918
89196b929a3ffff,52.119459966570496,4.8028766263183265,457
89196bba883ffff,51.99424979115324,4.8828847963778355,89
89196b88b2fffff,52.370561591247686,3.9232594111800934,218
891969500cbffff,51.57779555600576,4.514663319136753,275
89196b3282bffff,51.71802744594372,4.485819353184851,597
89196b8a2dbffff,52.1360240193056,4.091525646970005,207
89196bbaa4bffff,51.53973386275309,4.347270112732473,638
89196b3303bffff,51.80842169494846,4.8636478907228655,890
8919682d013ffff,52.1764434043639,4.680114397528046,905
89196b8464bffff,52.138322886892645,4.8056499352524655,665
89196bb85c3ffff,51.94535489698872,4.218622831989255,885
89196b25c93ffff,51.54934660818552,4.865621546493897,794
8919695a153ffff,51.80573455133213,4.666437695794482,644
89196b9898bffff,51.71360800150472,4.434907220552594,201
89196bb74b3ffff,52.01198698214497,4.856833011022537,647
89196b80b7bffff,51.74345404820744,3.9204293618341297,995
89196bb6c3bffff,51.87525531145853,4.799920901953391,797
89196bb1127ffff,51.98679246461039,4.411191116540056,264
89196b31043ffff,51.70759955222281,4.23281805973143,737
8919696814bffff,52.29774907154439,3.8566094278703704,787
89196bac8d3ffff,52.25603795421145,4.5328153931811626,507
89196961b6bffff,52.28462163366189,3.863707733263453,542
8919695181bffff,52.174151903405935,4.120430506523754,47
89196b16413ffff,52.002842326056374,4.880231786720252,415
89196b929d7ffff,52.27022969043728,4.771344008390977,683
89196b8419bffff,51.848579012890944,4.851279168699888,810
891fa496497ffff,52.21481458812344,4.043710352657699,448
8919696ae3bffff,51.82031369704769,3.998392052113167,993
891fa490117ffff,52.13568947374151,4.571530502585359,588
89196b31ab3ffff,51.80299517729362,4.872108566526658,788
89196b273afffff,52.030135703789824,4.298483891610459,421
891fa48ed1bffff,51.90100245904387,4.547611605591376,774
89196941137ffff,51.86928493846261,4.418194457321605,869
891fa486093ffff,52.33247094470272,4.470205681144372,228
89196b96a33ffff,51.55838755593489,4.486689272000426,464
89196948c93ffff,51.91915933796901,4.368235856069414,154
8919694b233ffff,51.585944181124724,4.610379590566463,518
89196b801dbffff,51.95011694315372,4.866337376623015,356
89196bb0607ffff,51.935893148116776,4.776592804425957,622
89196b8c247ffff,52.0326291627209,4.68995536490104,16
89196b36ec7ffff,52.15313118157959,4.375990112111589,765
89196b36ea7ffff,51.64303976410623,3.889928886525235,934
891969781c3ffff,52.278825872764784,4.478383670710864,655
8919694eaafffff,52.14770744795408,3.91315683390178,429
89196bba2afffff,51.59018877915018,4.516685503947518,518
8919696d933ffff,51.96846557765106,4.358599283711313,233
89196bb9bc3ffff,52.31288486300986,4.479435301311824,90
891fa48ad87ffff,51.47592637817828,3.86628081699961,564
89196b83517ffff,51.444890036117336,4.010547928066337,684
8919697a233ffff,52.2657304085325,4.574934415334304,545
89196942577ffff,51.79616761980361,3.8975920052144977,515
891fa496147ffff,51.52589138197085,3.999187545608248,56
8919694ddbbffff,51.81565370522753,4.207759754083734,63
89196bb5a93ffff,51.88547032840715,4.470645967318928,771
89196b8ab4bffff,51.756297096610524,4.081911749638092,214
8919697b3dbffff,52.35116169331639,4.188206973668245,52
89196958803ffff,51.68717037621095,4.78704879711169,284
89196968593ffff,51.567917199689425,3.9486098759361314,642
89196b12b13ffff,51.80365781011597,4.74823636304885,409
8919696ad4fffff,52.26906882720583,4.581011326752622,602
89196bac94fffff,51.85206356291067,4.405755482309984,662
891fa480d3bffff,51.595061088875035,4.640417991110495,217
89196b226c7ffff,51.7271780150543,4.810106960930863,752
89196959083ffff,52.023311422843285,4.226706511705251,960
891fa49424fffff,52.036981865528055,4.081979070934912,404
89196b243dbffff,51.81270973794382,4.028544570914402,214
8919694acd7ffff,52.19833459855796,4.472866141276204,790
89196b1540fffff,51.8363976280355,4.328610926006827,206
89196b8db83ffff,51.55613427981671,4.516453988145005,625
89196b94053ffff,51.80542049422537,4.590484025901492,442
89196b10cbbffff,52.35279463920933,4.421355869872881,508
89196bb224bffff,52.085509308635686,4.605572274762132,319
89196949c0bffff,52.103024523060256,4.274424321489828,489
89196b94617ffff,51.50104119310855,4.620894268959825,851
89196bb5237ffff,52.27028476045773,4.533207922442953,124
89196bb31d7ffff,51.829508894925105,4.59846872015139,276
89196bade4fffff,52.15551074896585,4.480067972152108,806
89196baaa6fffff,51.695057082673735,4.550272599481001,90
89196bb36a7ffff,52.001979078365146,4.5962451454747555,993
891fa494bcfffff,51.766108251497535,4.47207046583081,60
89196945537ffff,51.52998673665435,4.748191930184085,495
89196940d7bffff,52.18109473428671,4.144449876167222,807
89196b973afffff,52.00483916467921,4.864640459229913,227
891fa484d6fffff,51.881459087234,4.737691410594955,852
891fa495abbffff,52.162945483178625,4.6311583500342515,894
89196b10113ffff,51.61645169490823,4.635851260578367,460
89196949b83ffff,52.22742679336729,4.375868095959092,288
89196979c7bffff,51.54685053969282,4.650389884492755,550
8919682c05bffff,52.31184422372902,4.1625405579967705,736
89196bb9263ffff,51.98824841021592,4.6193998634074465,299
8919695133bffff,51.83869574343829,4.131050660178921,713
89196947067ffff,51.43728192476774,4.78004931945893,114
8919694a50bffff,51.819005685008236,4.863107506548095,921
891fa4ba2abffff,51.566751830935125,4.192170742846116,227
89196b81343ffff,51.598229177198355,4.391035587839691,606
89196baf1c3ffff,51.77570017214007,4.027502609504892,812
89196b26db3ffff,51.90104965132731,4.5908606120609425,830
89196b8199bffff,51.47573200006009,4.234619534286158,791
89196b3728fffff,51.78132535811979,3.8687012738170177,92
89196b26837ffff,51.46898580328114,4.4474259913436525,638
89196ba8a53ffff,52.210196431154806,4.6802911044274955,854
89196950b47ffff,51.564730061095084,4.252087518689229,191
89196b94017ffff,51.5710189642018,4.104267250968706,341
89196b250bbffff,52.27952128616327,4.555789746156918,513
89196b973afffff,51.597158201477086,3.8565295001906734,818
89196824dc7ffff,51.90223845022911,4.659193914433822,493
8919697955bffff,51.86657235351204,4.333315150230743,177
891969485a7ffff,51.81591750369339,4.82692968229519,532
8919696f213ffff,51.75289579908418,4.811996983843204,824
89196b901c7ffff,51.992208641071244,4.705609207032511,554
891fa487567ffff,51.4756417630573,4.811684933034902,16
89196bac007ffff,51.753128955587236,4.457793449859906,575
89196b91b17ffff,51.89864503615803,4.632518166371494,319
89196b8a4abffff,52.37216058629913,3.963943203610877,991
89196b86683ffff,52.168350164175294,4.359006358998965,182
89196b0597bffff,51.472318905037206,4.3271243881876105,57
89196b8681bffff,51.46424096799567,4.8809072239860445,734
89196b164b3ffff,52.37746259602813,4.74660810626055,808
891fa4821a3ffff,52.3594672912215,4.08648028761309,318
891fa4854cbffff,51.939403501913134,4.674256734911836,621
89196b0646bffff,52.02155625518166,4.245952201241624,119
89196bb1577ffff,51.71358313230751,4.822987902053037,120
89196b3230bffff,51.522549555756235,3.856440043135578,464
89196bb5d5bffff,51.44586359775474,4.127291379102091,720
891fa49448bffff,51.852670926589695,4.558412783267318,728
89196ba16d3ffff,51.71899690653834,4.3116036299247,806
89196b8904bffff,52.25000134117115,4.0545958999109315,540
89196b14b4fffff,51.7748766516762,4.080254295983012,883
89196b9ad53ffff,51.88221049472396,4.107870230160842,493
89196b2538fffff,52.33877779642199,4.1551766153491485,518
89196ba0da3ffff,51.64430766333647,4.22974103011649,754
89196b26133ffff,51.54922443534954,4.383151200357719,221
89196b14aabffff,51.65823110156262,4.348091767454708,785
89196b92007ffff,51.746614199413536,4.229691430602587,291
89196b26243ffff,52.192271475415424,3.9692876169604334,558
8919696de97ffff,51.94609314182542,4.238311981773379,138
89196b88eafffff,51.91020535689762,4.623771266072591,423
89196bb6467ffff,52.118587889095444,4.351787328225795,557
89196bb756fffff,51.89848176244735,4.884015247387219,49
89196b90807ffff,51.59315321552783,4.062023841330519,607
89196b2c47bffff,51.55946320050666,4.892008475356997,699
8919695aa53ffff,52.38012269071948,3.942058019300185,835
89196bb254fffff,51.95869497625722,4.0107251214380435,18
89196b899dbffff,51.912754712019854,4.290189424227199,859
8919696a3afffff,51.800288331819885,4.81649905916257,112
891fa492027ffff,52.27554881271574,4.3579208250240455,114
8919696c037ffff,51.886670490159844,4.486608417455166,505
89196b058b3ffff,51.64744065847881,3.9573289833061382,24
89196bac963ffff,51.996111963424944,4.590440929853102,571
89196b91d6bffff,52.02692422940614,4.711725700828308,607
8919696f173ffff,52.31406652024255,4.337798397147747,603
89196bb4e4fffff,51.84583089631415,4.754448187048594,716
891fa49a99bffff,51.84665457396063,4.390954078328316,319
891fa491243ffff,51.79468520986548,4.646656299127436,735
89196bae913ffff,51.872952653986275,4.32330480038175,868
8919696f35bffff,51.57942777347985,4.692236844430351,18
8919696ac03ffff,51.61757610362659,4.848069662936778,298
8919694dd73ffff,51.67101536065506,4.221741189990158,132
891fa4945a3ffff,51.95864575949508,4.310131502811272,464
89196b91c6fffff,51.51810170628527,4.732001274167107,732
89196bb5c53ffff,51.84103740587468,4.606977096103227,48
89196baf47bffff,51.99859386290791,4.231002956375886,830
89196b21567ffff,52.31334305065569,4.119205373109464,340
8919696f2abffff,51.97354136998843,4.135087393868622,311
8919697ae5bffff,52.06335012951919,4.360378016000731,148
89196940693ffff,51.44104905110963,4.242004800913067,241
89196bad9abffff,52.352887091613105,4.283915617365537,280
89196b86a3bffff,51.49114424445483,4.704849822179377,444
89196b82333ffff,51.469256391763594,4.339301554438782,586
89196ba34d7ffff,51.672356524569054,4.538878708316515,822
89196b2e537ffff,51.484420439840925,4.195323343491046,431
89196b2f10bffff,51.8898037064246,4.349915383764385,680
8919696b323ffff,51.623462711209164,3.8841106613790513,586
891969414b3ffff,51.79728613655013,4.028741514625003,929
89196bb348bffff,52.14259707526821,4.874408238996546,256
89196b31dd3ffff,51.63807878143426,4.4486981550824325,804
89196b8c413ffff,52.3464980740581,4.073757824733541,571
89196b90a27ffff,51.993854523172224,4.827700607338304,930
891fa484463ffff,51.86925750302113,4.146699938423279,149
8919697a47bffff,51.77821420683792,4.224368884317676,684
8919694d6c7ffff,51.62956583667219,4.671043722602336,139
8919682d9afffff,51.64828802647908,4.111042589649552,990
89196b1580bffff,51.78764443240112,4.379608673508508,100
89196b15e57ffff,51.69141718894024,4.45177340556109,221
89196b981c7ffff,52.312346636528275,4.674663473491694,802
891fa496e27ffff,52.22967710385592,3.9756456846245234,686
89196b040abffff,51.49815950583092,4.183843644483874,324
89196bb3603ffff,51.95408909809377,4.1022970296250225,127
89196b86e53ffff,52.24886946373513,4.344187054904261,767
89196b2255bffff,52.38063925275826,4.779989596924003,384
89196ba74a7ffff,51.9515092063552,4.231703974462179,208
89196bb9847ffff,52.29935254505834,4.194328802938992,745
89196bbb0dbffff,51.53614213276945,4.552712675733648,977
891fa48408bffff,51.46357961892188,4.331073049960458,690
89196bb5a0bffff,52.17171745885033,4.789139283323986,900
89196b8ab4fffff,52.23601499134165,4.325104748572367,303
891969535cbffff,51.519491916873555,4.751290931459725,422
89196b92b33ffff,51.51484477907709,4.500385646557259,298
89196bb0ecfffff,51.67429333642788,4.6316116136445995,177
891969690afffff,51.53199736694803,4.275641397231215,633
89196b88453ffff,51.508653427252455,4.6885052696041924,738
89196b90b43ffff,51.6529968249377,4.2818596497250585,194
89196bb982fffff,51.573770692617586,4.602391965218701,821
89196b16bbbffff,51.705769208342176,4.596403696020622,349
89196b22bafffff,52.149371940399796,4.464332503807345,228
89196b3232fffff,51.68648985342642,4.534399165091215,816
89196b90cd3ffff,52.06953946461093,3.9109371429960715,52
89196bade77ffff,52.07970550742028,4.266109857707383,918
89196b31a63ffff,51.965366907385196,4.088187753976718,535
89196ba084fffff,51.94342196055198,4.446967635979819,381
89196b8d62bffff,52.23582996001046,4.404829482545228,28
89196978b73ffff,52.35769959671556,4.820387420122906,939
89196ba22b7ffff,52.23749724644183,4.360014964876354,832
89196bac1cbffff,51.442612946112206,4.527061536949152,311
891fa4bb327ffff,52.23977123853017,3.9064287944053384,350
89196b8605bffff,52.01588937595242,3.968373277523345,632
89196950ec7ffff,52.26635691515081,4.287965244509523,862
89196b9953bffff,51.64624091689213,4.384325487866763,822
891fa48f4d7ffff,51.66112428776425,3.8727795900905546,509
891fa48ea53ffff,52.04345848628361,4.510485099521877,915
89196b8f187ffff,51.76039315915217,4.754089217108178,512
89196bac5cfffff,51.70250474844961,4.820123581960428,571
89196bb5073ffff,52.200458916832304,4.309671296018445,665
89196b1008bffff,51.94260970102659,4.073323068375996,948
89196950647ffff,52.08504816526289,4.841790994023709,539
89196b99557ffff,51.84224578718257,4.6525534923179555,869
89196b8d863ffff,51.603911388368765,3.855518398240648,293
89196b200cfffff,52.08099275964851,4.695209503124004,815
8919682c00bffff,51.97730071436827,3.9450138140330706,352
89196b35e33ffff,52.102537840892666,4.167267397276746,749
89196b36c73ffff,52.365933307707856,4.258142349539589,405
89196bb8e3bffff,52.0865219817013,4.573033646454804,45
89196ba2d53ffff,51.79433746105934,4.443286949192112,188
891fa48e97bffff,51.82781316334986,4.131396893237527,695
89196b8e423ffff,51.766540409176315,4.088200559870917,749
891fa492687ffff,52.320714971759095,3.9008746607362115,240
89196951ad3ffff,51.72901074326321,4.684077754979319,798
8919697a0dbffff,51.71733708258685,4.1349818112844945,868
89196b353dbffff,51.55458711408267,4.726022967549024,817
891fa48e3dbffff,51.53624033888254,3.863175371135019,801
89196951c4fffff,52.020786267552346,3.9940220792561476,543
89196b070c7ffff,51.490065178989475,4.087986243200949,513
8919694a02fffff,52.28957062360309,4.3035364227708595,715
89196bb51a3ffff,52.36898564070655,4.74150247072436,850
8919694a8bbffff,51.746999370762005,4.492020265881836,970
89196b35b2bffff,51.451619293203414,4.8238292532725895,486
891fa48f3b7ffff,51.621322656270536,4.350276625174366,345
89196b1017bffff,52.073101083797084,4.089107328767534,469
891fa49b057ffff,52.22539147204652,4.430052373928431,761
89196b35ad7ffff,51.63628248551329,4.526976046007536,439
89196b81d6bffff,52.26706460740681,4.15156424189612,358
89196b21e13ffff,52.002973784289196,4.667933555670852,290
89196b0632bffff,51.51869776097098,4.313581016484659,646
89196bb99a7ffff,52.251134859046445,4.72124478852643,723
89196bad4a7ffff,51.93384235610204,4.29935955596366,444
89196b1354fffff,52.05609336179149,4.5469300346095105,984
89196b8e867ffff,52.17935781569789,4.6959753347908775,704
89196ba4e13ffff,52.00344639454081,3.926798744653621,856
89196b14d8fffff,51.54847609906088,4.446915592487339,164
891fa49805bffff,51.67398229619122,4.004052948011469,168
8919697b143ffff,51.96624548032383,4.219534067106264,901
89196b9a16fffff,52.24850152765142,4.08751641719142,289
891fa487343ffff,52.10794310215169,4.742393513415487,108
8919696f177ffff,51.691034937735644,4.695510487133745,328
89196979e77ffff,52.209362442343206,4.773627712572423,120
89196bb9e2bffff,51.92097827907112,4.0407611122467975,489
89196b9b143ffff,52.227949655063846,3.8537112452229074,970
89196bd6c1bffff,51.95130893153446,4.305456758834651,138
8919694b373ffff,51.84637457029137,4.8155862139590635,333
89196b31cb7ffff,52.323587524294226,3.965224657965795,862
891fa485ab3ffff,52.381215874784544,4.408561659731565,883
89196945113ffff,51.52476663256291,3.8889550768786925,371
89196b90523ffff,52.07693388928099,4.498044674597129,578
89196ba093bffff,51.58390996087046,4.354428892104273,564
89196ba498bffff,52.36141250473888,4.59151781789799,17
89196ba061bffff,52.36293957017749,3.9307467147185657,217
89196b15d43ffff,51.99235133774489,4.285940858148318,389
89196baab5bffff,52.22145379444417,4.1972198772984255,356
8919694734bffff,52.2475964836775,4.74111759318887,524
89196b9444fffff,52.23167906821944,4.018952847468659,438
89196bad5abffff,51.500750681428755,4.884309472224871,24
89196b024afffff,51.66395571438479,4.85757089994943,19
89196b02977ffff,52.35125043910755,4.099884118759365,59
89196959adbffff,51.74818018355064,3.973495273784431,500
8919694b02bffff,51.844412798760736,4.322168657784766,477
89196ba5d57ffff,52.20506361749009,3.920658447207801,159
89196943397ffff,51.724718223941125,4.112573928195823,579
89196b05d0bffff,52.02823618324879,4.569780978625884,926
891fa499433ffff,52.33585566180863,4.538492305226773,328
89196baec9bffff,52.15878109243871,4.671655950788848,699
8919696a353ffff,51.676022539116964,4.4730115241970445,302
89196b32dbbffff,51.886006148471985,4.142827785271096,392
89196b2f42fffff,51.49891150130589,3.980501370445829,84
891fa498c27ffff,51.73283829348331,3.8561534272278317,13
8919694eb23ffff,52.1217360053088,3.8725921648062522,661
8919694d81bffff,52.10850823364563,4.844405854750785,762
891fa494d77ffff,52.32850709827906,4.164148740473382,187
89196ba2487ffff,51.82917148517932,4.050574239558582,112
89196b8d433ffff,52.05431635480571,4.224105789068852,743
89196bd6ecbffff,52.09429855687883,4.691638153932973,748
89196b9ae9bffff,51.514040501363326,4.320708961759462,427
891fa49aa07ffff,52.02507626079314,4.424063866809364,105
89196bad193ffff,51.601467957256816,4.558863636041114,430
89196b8868bffff,52.05478179385428,4.427842616836,698
89196ba4d0fffff,51.56864741035183,4.66935280168435,763
89196baa4abffff,51.955268130342745,4.050813898666953,899
89196b350bbffff,51.479260828243234,4.8895453187190965,400
891fa4814cfffff,51.86291587271824,4.281140709493608,907
89196bbaac3ffff,51.96142277329444,4.080583089996914,300
89196bb832fffff,52.31489524430926,4.612298456284596,579
89196b86aa3ffff,51.94029085313372,4.847368172649793,545
89196959573ffff,52.14337489930219,3.856230067536802,482
89196bb80bbffff,52.347124742474,4.459111538376381,795
8919696db2bffff,52.187882151516746,4.186774517303586,35
89196b90c9bffff,52.19900167307429,3.8723627340113804,103
89196b22a8bffff,52.285619264034175,4.105898660174624,536
89196b81ba3ffff,51.89987152541059,4.121721555266777,196
89196b26d03ffff,52.229900127385655,4.403636757371824,498
89196b913a7ffff,51.474134818395896,4.2783202339737585,102
8919694c943ffff,51.46846143008852,4.47738351503393,245
89196b25c0fffff,51.746827608489475,4.4843673796061845,755
89196b88103ffff,52.081717785908396,4.63088599696919,749
89196b34323ffff,51.87416351763571,4.560905564746759,942
8919694b56fffff,51.82352752812184,4.449849403258686,531
891fa49202fffff,51.57001523508297,4.185814536648752,859
89196b364b3ffff,51.44050202233849,4.480000042527996,245
891fa48ea17ffff,52.137837850463434,4.797554503920475,768
89196b16e53ffff,52.3074639532983,4.13195108411033,439
891969584abffff,52.34349002373527,4.573996019888279,145
89196bb8aa3ffff,51.57201711221994,4.7631465405486715,135
89196b215d3ffff,51.99483577510904,4.776502200625478,52
89196ba1667ffff,51.86239674079613,4.151798017534707,964
89196b9a337ffff,52.11952160548904,4.27574607102033,537
89196ba70d3ffff,52.26758268475441,4.560262902795095,669
89196b04987ffff,51.455165870589326,4.704133874623131,73
89196ba9d27ffff,52.38873147034789,3.9818006026075663,432
891fa480d5bffff,51.97257171306349,4.559522657374734,720
89196bb6d0fffff,52.07770109269641,4.104065314249234,863
89196b3493bffff,52.22264054116682,4.208605894981143,179
89196b9b307ffff,52.04714417855543,4.463845121617725,422
8919696ab7bffff,51.63200755472102,4.686411302204216,195
8919695a553ffff,52.10041337720417,4.147782183227,58
89196bd6b0bffff,51.72771650535153,4.479938669550114,493
891969412c7ffff,52.26749420761512,4.024660264526716,166
89196bacb87ffff,52.18312039564679,4.321462505667429,978
891fa480a0bffff,51.63708184882468,4.633264430269298,721
89196bb7357ffff,52.26808151548656,4.525797993857623,986
89196b99b2bffff,51.75056575881031,4.005072342343084,980
89196b04923ffff,52.12678995858652,4.640137445268545,923
8919696d59bffff,51.642435421243206,4.752785334061732,549
89196b80c2fffff,51.903830779977014,3.9247072529545775,960
89196b224b3ffff,52.17379080656394,4.402011276644004,976
89196b061a7ffff,52.18556101229183,4.25509706098906,380
8919694aac3ffff,51.780111018368764,4.077117169450363,257
891fa49341bffff,51.86899571139386,4.019221328334847,956
891fa486a07ffff,51.95784711733242,4.48137158704176,674
891fa48522bffff,51.6202366285774,3.98205981939838,961
891fa4973afffff,51.46260975427494,4.093923348169846,644
89196b9658bffff,51.670591495014015,4.731728631245453,913
89196b14d0bffff,51.494908170738135,4.4134459357300155,694
89196ba983bffff,52.00620009094954,4.051825501293803,553
891fa485cbbffff,52.06793527680833,4.514326983176059,463
89196b2ed0bffff,51.76722050736496,4.362886122798155,980
89196b06283ffff,51.788824068484075,4.115701457752206,988
8919694d1a7ffff,51.500834055828996,4.437632436277685,261
89196bae1b7ffff,52.13205458720895,4.608966740170948,935
89196b82223ffff,51.68595998745702,4.670590475195049,157
89196b81e0bffff,52.16078903510435,4.8572103133116915,806
89196bd6ab3ffff,52.0621268337083,4.447620853232864,674
89196b89cc7ffff,51.79687532455679,4.0578960842330805,56
891fa4ba213ffff,52.02607607128043,4.490890221171515,813
89196b95067ffff,52.18347663751316,4.642703434341088,316
8919694ee27ffff,51.812005474851475,4.879848788994925,132
89196b3448bffff,51.44084387328047,3.8597356369470717,759
89196ba46c3ffff,52.14465893612778,4.105004684688567,844
89196b2042bffff,51.51907993557176,4.503097571456029,97
89196bb6813ffff,51.889739729894885,3.967064878530899,779
8919696b253ffff,52.26558352012094,4.794378092228485,378
89196ba8cdbffff,51.52230604509569,4.637114605860649,805
89196b04a47ffff,51.58668319558654,3.851532596152693,88
891fa496023ffff,51.65203628475548,4.468733826395296,833
89196b22367ffff,52.18475158918779,4.860122820257526,750
89196b98b37ffff,52.31152934336403,4.017081408233303,66
891fa495eb3ffff,52.264937600323414,4.009859431050408,796
89196b308a3ffff,51.964217731361586,4.377604059288398,926
89196bb190fffff,52.376754608966785,3.991595434081823,206
89196ba642bffff,52.36263238115964,3.9665536025085606,904
89196b06667ffff,51.877980201933326,4.414400115299765,907
89196b22187ffff,52.37268338874814,3.8646099794450186,942
89196b2602fffff,51.87806325074665,4.269963596117481,906
89196bb85bbffff,52.17645535787569,4.115752056622654,118
89196b24c2fffff,52.1986268889679,4.88991510376305,544
89196940e8fffff,51.50744891820522,4.480245854471206,765
891fa48427bffff,51.833487911139215,4.665143630050013,185
89196bb0967ffff,51.651186510939965,4.31331173698098,886
8919697b483ffff,51.44613312779153,4.668827331020351,942
89196b999bbffff,51.49855011939943,4.460077780911291,928
89196bb5cd3ffff,52.071245758610665,4.196590185640294,271
891fa4832a7ffff,52.12428419341239,4.6860370095053385,777
89196b944cfffff,51.968385262438495,4.804581079515102,270
89196b80a8bffff,52.37340365296121,4.6574735496751885,494
89196968ca3ffff,51.861938364196966,4.871671854831196,467
89196bd6c6bffff,51.96963582010958,4.132881361951517,197
89196b80173ffff,52.16395861375186,4.5860616443517745,198
89196b951c7ffff,51.6765806198196,4.723161532136114,460
8919696da47ffff,52.184154846938334,3.866197300427483,907
89196b32dabffff,52.13444366417085,4.656019286769328,806
89196b9ac23ffff,51.846511302081645,4.338427342615421,400
89196bd6373ffff,51.60057897008937,4.088741431481457,170
89196b3aeb3ffff,52.017132594033995,4.3875539242879,871
89196b96e43ffff,52.25566612112412,3.920632082468004,992
89196baf16fffff,51.518419618305686,4.249953821843568,828
891fa480e47ffff,52.04106118804103,3.9085531728576766,654
89196b123bbffff,52.323833210842494,4.040866527119714,840
891fa484673ffff,52.05694001703308,4.3317566325256465,673
89196b23357ffff,51.82176991977511,4.2916423624611575,645
89196ba65d7ffff,51.784576364791974,4.20211286947331,70
89196b94b0bffff,52.230791397426884,4.61928553294865,430
89196ba0edbffff,52.314487404471194,4.88181325194536,94
8919696d6abffff,51.631300130216964,4.644901679166975,334
89196b91a67ffff,52.22413774805311,4.618097877271092,752
89196ba617bffff,51.709375774339975,4.511674745065914,983
89196bb506fffff,51.705133800389405,4.368314031363948,188
89196b1408bffff,51.56280101105849,4.403295237098608,361
8919694c033ffff,51.47183090023399,4.532002870501172,769
89196b129abffff,51.82433617779396,4.139384025822146,169
89196b3512bffff,51.93744183965726,4.852777859871257,841
89196b8d61bffff,51.461714374918245,4.5011492087977425,130
89196ba41a7ffff,51.685909553507216,4.4407603213031495,599
89196b991afffff,52.30749061018715,4.097948615284206,387
89196b92a17ffff,52.13073460140008,4.760625566567902,961
89196b8822bffff,51.52802780733407,4.815335368522814,743
89196ba0b27ffff,51.62058977995899,4.517342368108806,350
8919694359bffff,52.317685378061356,4.280201663882748,826
89196b90e7bffff,51.867458289116286,3.9558833052969242,112
891fa48e503ffff,51.87077909898632,4.609746462793318,393
8919696b51bffff,52.21569142616851,4.124984411388326,806
89196baddb7ffff,51.86395746539918,4.7490905795186364,264
89196b30a0bffff,52.244068159307886,4.2670252939323,188
89196b2114fffff,52.14187166866995,3.8711275857622574,758
89196953173ffff,52.17383744412048,3.886383616433038,770
89196b361cbffff,52.07838361288723,4.156040549835665,194
89196b214d7ffff,52.2164293369111,4.018087481445167,347
89196b95553ffff,52.07802010816546,3.894556654893616,594
89196b12833ffff,52.20830641212315,4.2299968898391445,763
891fa4ba457ffff,52.08829783448741,4.163944896647868,723
891fa48f0b3ffff,51.78121210573466,4.570692085237578,297
89196b861bbffff,52.1188139341936,4.753897465009177,883
891969794bbffff,51.56475879335384,4.020221992807685,579
89196bae87bffff,51.48962677880706,4.66538385475302,91
891fa481d53ffff,51.758486422021384,4.164718153016844,683
89196b8c2b3ffff,51.6557654704372,4.168416751813208,1
89196b16207ffff,51.56342997256811,4.52415418537494,765
89196ba680fffff,51.931312085172785,4.590925552562879,320
891fa4980a3ffff,52.25616828152885,4.384643497063785,809
891fa49ae23ffff,52.20860908992825,4.792172912950313,959
8919694941bffff,51.49611993784128,4.727705367965407,171
8919694c683ffff,51.63475418541975,4.725738353609479,757
89196bb9557ffff,52.278035581184255,4.024376930353133,869
89196b31cabffff,52.06440402767577,4.774784737925523,735
89196942143ffff,51.885192932594755,4.786841445890402,686
891969612bbffff,51.94532355583331,4.745537527815072,519
89196b02dabffff,52.113498300574655,4.442953344099649,794
8919695927bffff,51.84060130397167,4.143224134629497,516
89196b80a23ffff,52.23948336445489,4.531376519376393,659
8919696d44fffff,51.75122596991023,4.234995704573478,104
89196b21ec7ffff,51.615738636871235,4.496485596521819,977
89196940687ffff,51.683718223361005,4.217364510766008,337
89196bae4c3ffff,52.34491096891158,4.1981579736769525,273
89196b9628bffff,51.85652148608595,4.292770105064803,451
89196941037ffff,51.53632261951257,3.935164020516992,468
89196ba31d7ffff,52.05110205289698,4.102046697129853,63
891fa49722fffff,51.618993893586335,4.48209630062437,808
89196b9a507ffff,52.38214445268347,4.542868662090508,189
89196b12983ffff,52.05978502664124,3.884897772674533,610
891fa48f103ffff,51.615150011199994,3.8845812472822665,875
891969489d3ffff,51.46203354577405,3.910661850627631,611
89196b9a2d3ffff,51.69767759869926,4.182542760153354,487
891fa490333ffff,52.05357951435938,4.662113539880911,559
89196b14b4bffff,52.288118092151606,4.8384803751980545,277
8919694e4cfffff,51.616761292334985,4.527139024102105,620
89196b168cbffff,51.8721773980767,4.237298881562631,722
89196969503ffff,52.26325886742505,4.329751684869842,631
8919697b367ffff,52.02723510910984,4.334664183622486,335
8919694e683ffff,51.9132856675658,4.488759884661983,245
891fa491463ffff,52.33595251247672,4.711655508851459,308
891fa49152fffff,52.2576434682713,4.453848023987209,516
8919694956bffff,51.67957175230444,4.20212090391118,238
8919696c283ffff,51.60193448843644,3.8789710100645314,980
89196b81a47ffff,52.37213391547718,4.852797575836235,986
8919694f61bffff,52.137606753602114,4.889976789110129,366
89196b3adafffff,51.57104116613994,4.131657020860658,875
89196b2753bffff,51.67917502338416,4.367372504134346,876
8919694e59bffff,52.13575889999507,4.789491712215459,153
89196b85e73ffff,51.608501316482744,4.604980473577715,115
89196b1748fffff,51.85130255292316,4.52288375443614,397
89196ba2467ffff,52.125521904487655,3.99766321862347,336
89196958c5bffff,51.99573326769342,4.546753538977769,106
89196b24423ffff,51.50219910702521,4.342597496179348,993
891fa485b43ffff,52.03733888228067,4.363595266152434,584
891969585b7ffff,51.48299557305182,4.488181676134451,100
89196940cb7ffff,52.09207510183285,4.063096113901986,30
89196b97057ffff,51.66283550669535,4.554650821074517,28
891fa4bb437ffff,51.48291717373258,4.036990722534738,182
891fa490243ffff,52.221635963644005,4.381555244738549,176
